{"results": {"TikTok": [-0.0703436294758139, -0.11676415518408914], "YouTube": [-0.04558817847094079, -0.23560157676567636], "Instagram": [0.017025568019760445, -0.03252771808513868], "X": [-0.02434591675161287, -0.13986529668745287]}, "calculation_time": 6.546501159667969, "comment_amount": {"TikTok": 18788, "YouTube": 10025, "Instagram": 6561, "X": 936}}