{
    "results": {
        "TikTok": [
            -0.12770385352353525,
            -0.1818075367255897
        ],
        "YouTube": [
            -0.022364089775559304,
            -0.17796508728179472
        ],
        "Instagram": [
            -0.00818472793781461,
            -0.0525986892242046
        ],
        "X": [
            -0.03920940170940152,
            -0.1404914529914526
        ]
    },
    "calculation_time": 2.2461585998535156,
    "comment_amount": {
        "TikTok": 18788,
        "YouTube": 10025,
        "Instagram": 6561,
        "X": 936
    }
}